06/05/2020 16:49;3334  Massachusetts Avenue;13.221.207.244
16/04/2020 14:10;1636  Shobe Lane;36.141.56.69
15/04/2020 17:04;2830  Lauren Drive;28.175.19.72
08/03/2020 15:48;2333  Werninger Street;174.186.211.161
01/05/2020 21:11;1084  Kessla Way;11.173.242.61
05/04/2020 21:58;558  Gambler Lane;160.74.6.175
12/02/2020 16:13;3782  Cherry Tree Drive;169.158.105.115
13/02/2020 01:41;2091  Hilltop Drive;115.73.133.236
14/03/2020 01:49;3854  Levy Court;102.115.151.56
07/02/2020 00:17;4023  Rogers Street;242.85.80.199
08/05/2020 01:47;1060  Junior Avenue;75.123.75.54
28/04/2020 18:06;2293  Farland Street;40.13.90.84
05/04/2020 23:27;91  Hickory Lane;244.117.204.156
17/01/2020 05:15;4219  Kelley Road;227.120.174.234
08/05/2020 20:56;5035  Worley Avenue;105.165.156.168
22/01/2020 19:16;4829  Fleming Way;56.136.199.69
03/04/2020 17:17;"34; Station Rd; Wraysbury";32.121.118.247
27/04/2020 02:41;"61-63; Wandsworth High St";17.197.211.82
27/04/2020 04:00;"Merlin House; Langstone Business Village";247.136.189.42
09/05/2020 05:31;"112 Worting Rd; Basingstoke";122.159.32.230
04/03/2020 17:15;"34 Langdale; Washington";78.149.152.25
02/02/2020 07:43;"The Cottage; 30; Hayle Rd";130.245.49.238
13/04/2020 03:15;"1 Willow Court; Bourton Industrial Park";21.220.9.119
29/02/2020 22:14;"24 Ellerbeck Way; Stokesley Business Park";5.133.97.115
26/02/2020 20:14;"Unit 3 Bailey Drive; Norwood Ind Est";108.187.130.46
10/02/2020 18:49;"Unit 3; Albion Court; Albion Place";83.28.54.21
13/04/2020 08:14;"Finnebrogue Rd; Downpatrick";22.53.250.63
16/01/2020 12:58;"66 Station Rd; Liss";222.249.209.204
14/02/2020 23:10;"Bankside; Falkirk";153.71.64.79
13/04/2020 13:03;"Greenwood Park; Tippendell Lane";142.78.16.196
